reader_id,stop_name,operator_id
0x001???,Airport,0x0B177D
0x002???,Meenambakkam Metro,0x0B177D
0x003???,OTA - Nanganallur Road,0x0B177D
0x004???,Alandur,0x0B177D
0x005???,Guindy,0x0B177D
0x006???,Little Mount,0x0B177D
0x007???,Saidapet,0x0B177D
0x008???,Nandanam,0x0B177D
0x009???,Teynampet,0x0B177D
0x00A???,AG-DMS,0x0B177D
0x00B???,Thousand Lights,0x0B177D
0x00C???,LIC,0x0B177D
0x00D???,Government Estate,0x0B177D
0x00E???,Central,0x0B177D
0x00F???,High Court,0x0B177D
0x010???,Mannadi,0x0B177D
0x011???,Washermanpet,0x0B177D
0x029???,Thiyagaraya College,0x0B177D
0x021???,Tondiarpet,0x0B177D
0x022???,New Washermanpet,0x0B177D
0x023???,Tollgate,0x0B177D
0x024???,Kaladipet,0x0B177D
0x025???,Thiruvotriyur Theradi,0x0B177D
0x026???,Thiruvotriyur,0x0B177D
0x027???,Wimco Nagar,0x0B177D
0x028???,Wimco Nagar Depot,0x0B177D
0x012???,St.Thomas Mount,0x0B177D
0x013???,Ekkattuthangal,0x0B177D
0x014???,Ashok Nagar,0x0B177D
0x015???,Vadapalani,0x0B177D
0x016???,Arumbakkam,0x0B177D
0x017???,CMBT Metro,0x0B177D
0x018???,Koyambedu,0x0B177D
0x019???,Thirumangalam,0x0B177D
0x01A???,Anna Nagar Tower,0x0B177D
0x01B???,Anna Nagar East,0x0B177D
0x01C???,Shenoy Nagar,0x0B177D
0x01D???,Pachaiyappa's College,0x0B177D
0x01E???,Kilpauk,0x0B177D
0x01F???,Nehru Park,0x0B177D
0x020???,Egmore,0x0B177D
0x101???,Miyapur,0x043630
0x102???,JNTU College,0x043630
0x103???,KPHB Colony,0x043630
0x104???,Kukatpally,0x043630
0x105???,Dr. B. R. Ambedkar Balanagar,0x043630
0x106???,Moosapet,0x043630
0x107???,Bharat Nagar,0x043630
0x108???,Erragadda,0x043630
0x109???,ESI Hospital,0x043630
0x110???,SR Nagar,0x043630
0x111???,Ameerpet,0x043630
0x112???,Punjagutta,0x043630
0x113???,Irrum Manzil,0x043630
0x114???,Khairatabad,0x043630
0x115???,Lakdi-ka-Pul,0x043630
0x116???,Assembly,0x043630
0x117???,Nampally,0x043630
0x118???,Gandhi Bhavan,0x043630
0x119???,Osmania Medical College,0x043630
0x120???,MG Bus Station,0x043630
0x121???,Malakpet,0x043630
0x122???,New Market,0x043630
0x123???,Musarambagh,0x043630
0x124???,Dilsukhnagar,0x043630
0x125???,Chaitanyapuri,0x043630
0x126???,Victoria Memorial,0x043630
0x127???,L B Nagar,0x043630
0x201???,JBS Parade Ground,0x043630
0x202???,Secunderabad West,0x043630
0x203???,Gandhi Hospital,0x043630
0x204???,Musheerabad,0x043630
0x205???,RTC X Roads,0x043630
0x206???,Chikkadpally,0x043630
0x207???,Narayanaguda,0x043630
0x208???,Sultan Bazaar,0x043630
0x209???,MG Bus Station,0x043630
0x301???,Nagole,0x043630
0x302???,Uppal,0x043630
0x303???,Stadium,0x043630
0x304???,NGRI,0x043630
0x305???,Habsiguda,0x043630
0x306???,Tarnaka,0x043630
0x307???,Mettuguda,0x043630
0x308???,Secunderabad East,0x043630
0x309???,Parade Ground,0x043630
0x310???,Paradise,0x043630
0x311???,Rasoolpura,0x043630
0x312???,Prakash Nagar,0x043630
0x313???,Begumpet,0x043630
0x314???,Ameerpet,0x043630
0x315???,Madhura Nagar,0x043630
0x316???,Yusufguda,0x043630
0x317???,Road No.5 Jubilee Hills,0x043630
0x318???,Jubilee Hills Check Post,0x043630
0x319???,Peddamma Gudi,0x043630
0x320???,Madhapur,0x043630
0x321???,Durgam Cheruvu,0x043630
0x322???,HITEC City,0x043630
0x323???,Raidurg,0x043630
